persona,n_clientes,custo_unitario,lift,clv_medio,receita_marg_unitaria,roi_unitario,n_alvo,custo_total,receita_marginal_total,roi_pct
At Risk,456,4.0,0.25,706.0,176.5,43.125,456,1824.0,80484.0,4312.5
Champions,1311,8.0,0.05,4098.0,204.9,24.6125,1311,10488.0,268623.9,2461.25
Big Spenders,133,6.0,0.06,2063.0,123.78,19.63,133,798.0,16462.74,1963.0000000000002
Hibernating,1273,2.0,0.15,134.0,20.099999999999998,9.049999999999999,1273,2546.0,25587.299999999996,904.9999999999999
Promising,515,3.0,0.12,224.0,26.88,7.96,515,1545.0,13843.199999999999,795.9999999999999
Loyal,199,5.0,0.08,346.0,27.68,4.536,199,995.0,5508.32,453.59999999999997
Lost,451,1.0,0.03,28.0,0.84,-0.16000000000000003,451,451.0,378.84,-16.000000000000007
